CS301,840
CS567,638
CS595,947
CS571,942
CS459,828
CS544,897
CS638,946
CS448,151
CS661,936
CS224,977
CS145,874
CS527,414
CS569,196
CS421,744
CS224,177
CS661,293
CS634,838
CS622,145
CS527,755
CS543,522
CS611,650
CS544,636
CS690,906
CS315,874
CS664,725
CS528,946
CS181,859
CS448,816
CS477,339
CS609,151
CS322,721
CS571,917
CS579,660
CS690,707
CS295,903
CS528,907
CS609,817
CS459,917
CS533,529
CS260,717
CS533,937
CS532,685
CS425,962
CS636,926
CS661,827
CS534,563
CS543,563
CS527,448
CS126,914
CS658,843
CS661,836
CS126,840
CS519,531
CS611,698
CS619,874
CS224,742
CS597,826
CS145,982
CS527,394
CS322,744
CS579,258
CS664,145
CS609,693
CS533,951
CS145,851
CS674,840
CS315,894
CS680,333
CS541,979
CS459,631
CS421,876
CS534,394
CS273,907
CS633,249
CS425,933
CS425,122
CS448,720
CS658,732
CS611,706
CS690,599
CS544,933
CS478,843
CS346,936
CS690,634
CS636,107
CS690,146
CS597,731
CS448,742
CS533,819
CS609,644
CS633,249
CS658,738
CS636,836
CS569,928
CS448,926
CS527,278
CS145,831
CS145,917
CS448,977
CS145,707
CS459,914
CS567,397
CS674,293
CS145,738
CS301,937
CS485,859
CS459,919
CS690,383
CS674,837
CS301,898
CS260,862
CS527,563
CS273,532
CS139,693
CS455,974
CS609,937
CS533,890
CS528,216
CS661,539
CS661,872
CS330,286
CS690,122
CS539,420
CS459,529
CS569,634
CS664,478
CS595,964
CS622,417
CS658,838
CS569,426
CS243,926
CS109,853
CS346,944
CS674,769
CS519,893
CS533,857
CS126,840
CS544,122
CS677,293
CS527,685
CS542,758
CS459,739
CS664,995
CS631,478
CS542,758
CS139,466
CS638,995
CS224,936
CS638,478
CS539,947
CS145,106
CS478,979
CS564,340
CS532,431
CS181,812
CS346,940
CS485,258
CS690,937
CS273,724
CS538,963
CS637,207
CS301,853
CS664,599
CS541,937
CS631,426
CS622,725
CS566,397
CS677,258
CS425,858
CS145,914
CS619,618
CS145,958
CS425,849
CS126,722
CS273,921
CS477,974
CS567,435
CS566,414
CS595,929
